year,aids_diagnoses,deaths
1981,160,15
1982,540,59
1983,1098,586
1984,1840,1108
1985,2870,1833
1986,4227,2710
1987,5313,3352
1988,6437,4287
1989,6876,5329
1990,7769,5717
1991,9040,6456
1992,10844,6955
1993,12737,7418
1994,12664,8341
1995,11374,8309
1996,9394,6066
1997,7404,3426
1998,5682,2780
1999,5384,2794
2000,6268,2717
2001,5670,2592
2002,4805,2549
2003,5450,2535
2004,4480,2378
2005,4272,2346
2006,3903,2134
2007,3708,2021
2008,3472,2012
2009,3168,1873
2010,2668,1710
2011,2366,1674
2012,2107,1523
2013,1949,1506
2014,1520,1408
2015,1307,1319
